<?xml version='1.0' encoding='UTF-8'?>
<archive xmlns:SOAP-ENV="http://schemas.xmlsoap.org/soap/envelope/" xmlns:SOAP-ENC="http://schemas.xmlsoap.org/soap/encoding/" xmlns:xsd="http://www.w3.org/2001/XMLSchema" xmlns:xsi="http://www.w3.org/2001/XMLSchema-instance" xmlns:bus="http://developer.cognos.com/schemas/bibus/3/" xmlns:cm="http://developer.cognos.com/schemas/bibus/3/">
<!-- CM Build=8.4.6017.0 -->
  <objects>
	<object>
		<class>folder</class>
		<name>Templates</name>
		<id>1</id>
		<parentId>0</parentId>
		<storeID>i0DD0712831134314BAD90C30A7AF48C1</storeID>
		<props>
			<creationTime>
				<value>2010-07-02T17:04:15.843Z</value>
			</creationTime>
			<modificationTime>
				<value>2010-07-02T18:52:56.827Z</value>
			</modificationTime>
			<name>
				<value><item><locale xsi:type="xsd:string">en-us</locale><value xsi:type="xsd:string">Templates</value></item>
</value>
			</name>
			<owner>
				<value><item><searchPath xsi:type="cm:stringProp">
	<value xsi:type="xsd:string" xml:space="preserve">CAMID(&quot;::Anonymous&quot;)</value>
</searchPath>
<storeID xsi:type="cm:guidProp">
	<value xsi:type="cm:guid" xml:space="preserve">xOjpBbm9ueW1vdXM_</value>
</storeID></item>
</value>
			</owner>
			<displaySequence>
				<value>0</value>
			</displaySequence>
			<hidden>
				<value>false</value>
			</hidden>
			<viewed>
				<value>false</value>
			</viewed>
		</props>
	</object>
	<object>
		<class>reportTemplate</class>
		<name>Ironside Template Layout Components</name>
		<parentId>1</parentId>
		<storeID>i7F402F9F124E48F18DB751FB16FACB01</storeID>
		<props>
			<creationTime>
				<value>2010-07-02T17:58:29.843Z</value>
			</creationTime>
			<modificationTime>
				<value>2010-07-02T18:39:51.250Z</value>
			</modificationTime>
			<name>
				<value><item><locale xsi:type="xsd:string">en-us</locale><value xsi:type="xsd:string">Ironside Template Layout Components</value></item>
</value>
			</name>
			<owner>
				<value><item><searchPath xsi:type="cm:stringProp">
	<value xsi:type="xsd:string" xml:space="preserve">CAMID(&quot;::Anonymous&quot;)</value>
</searchPath>
<storeID xsi:type="cm:guidProp">
	<value xsi:type="cm:guid" xml:space="preserve">xOjpBbm9ueW1vdXM_</value>
</storeID></item>
</value>
			</owner>
			<displaySequence>
				<value>0</value>
			</displaySequence>
			<hidden>
				<value>false</value>
			</hidden>
			<viewed>
				<value>false</value>
			</viewed>
			<allowNotification>
				<value>true</value>
			</allowNotification>
			<allowSubscription>
				<value>false</value>
			</allowSubscription>
			<defaultPortalAction>
				<value>viewOutput</value>
			</defaultPortalAction>
			<executionPrompt>
				<value>true</value>
			</executionPrompt>
			<retentions>
				<value><item><objectClass xsi:type="cm:classEnum">history</objectClass><prop xsi:type="cm:propEnum">creationTime</prop><maxObjects xsi:type="xsd:integer">5</maxObjects></item>
<item><objectClass xsi:type="cm:classEnum">reportVersion</objectClass><prop xsi:type="cm:propEnum">creationTime</prop><maxObjects xsi:type="xsd:integer">1</maxObjects></item>
</value>
			</retentions>
			<canBurst>
				<value>false</value>
			</canBurst>
			<specification>
				<value>&lt;report xmlns=&quot;http://developer.cognos.com/schemas/report/6.0/&quot; expressionLocale=&quot;en-us&quot; template=&quot;true&quot;&gt;
				&lt;drillBehavior modelBasedDrillThru=&quot;true&quot;/&gt;
				&lt;layouts&gt;
					&lt;layout&gt;
						&lt;reportPages&gt;
							&lt;page name=&quot;Page1&quot;&gt;
								&lt;style&gt;
									&lt;defaultStyles&gt;
										&lt;defaultStyle refStyle=&quot;pg&quot;/&gt;
									&lt;/defaultStyles&gt;
									&lt;CSS value=&quot;border-collapse: collapse;&quot;/&gt;
								&lt;/style&gt;
								&lt;pageHeader&gt;
									&lt;style&gt;
										&lt;defaultStyles&gt;
											&lt;defaultStyle refStyle=&quot;ph&quot;/&gt;
										&lt;/defaultStyles&gt;
										&lt;CSS value=&quot;padding-bottom:10px;&quot;/&gt;
									&lt;/style&gt;
									&lt;contents&gt;
										
										
										
									&lt;block name=&quot;RTHeader&quot;&gt;
			&lt;contents&gt;&lt;block name=&quot;RTTitleBlock&quot;&gt;&lt;style&gt;&lt;defaultStyles&gt;&lt;defaultStyle refStyle=&quot;ta&quot;/&gt;&lt;/defaultStyles&gt;&lt;CSS value=&quot;margin-top:5px&quot;/&gt;&lt;/style&gt;
											&lt;contents&gt;
												&lt;textItem name=&quot;RTTitle&quot;&gt;&lt;style&gt;&lt;defaultStyles&gt;&lt;defaultStyle refStyle=&quot;tt&quot;/&gt;&lt;/defaultStyles&gt;&lt;/style&gt;
													&lt;dataSource&gt;
														
													&lt;reportExpression&gt;ReportName()&lt;/reportExpression&gt;&lt;/dataSource&gt;
												&lt;/textItem&gt;
											&lt;/contents&gt;
										&lt;/block&gt;&lt;block name=&quot;RTSubtitleBlock1&quot;&gt;&lt;style&gt;&lt;defaultStyles&gt;&lt;defaultStyle refStyle=&quot;ts&quot;/&gt;&lt;/defaultStyles&gt;&lt;/style&gt;
											&lt;contents&gt;
												&lt;textItem name=&quot;RTSubtitle&quot;&gt;&lt;style&gt;&lt;defaultStyles&gt;&lt;defaultStyle refStyle=&quot;tt&quot;/&gt;&lt;/defaultStyles&gt;&lt;/style&gt;
													&lt;dataSource&gt;
														&lt;staticValue/&gt;
													&lt;/dataSource&gt;
												&lt;/textItem&gt;
											&lt;/contents&gt;
										&lt;/block&gt;&lt;block name=&quot;RTSubtitleBlock2&quot;&gt;&lt;style&gt;&lt;defaultStyles&gt;&lt;defaultStyle refStyle=&quot;ts&quot;/&gt;&lt;/defaultStyles&gt;&lt;/style&gt;
											&lt;contents&gt;
												&lt;textItem name=&quot;RTSubtitle1&quot;&gt;&lt;style&gt;&lt;defaultStyles&gt;&lt;defaultStyle refStyle=&quot;tt&quot;/&gt;&lt;/defaultStyles&gt;&lt;/style&gt;
													&lt;dataSource&gt;
														&lt;staticValue/&gt;
													&lt;/dataSource&gt;
												&lt;/textItem&gt;
											&lt;/contents&gt;
										&lt;/block&gt;&lt;/contents&gt;
		&lt;style&gt;&lt;CSS value=&quot;background-color:#162D50;color:#EEEEEE;background-image:url(http://localhost/cognos8/ironside/images/ironside_logo.gif);background-position:left center;background-repeat:no-repeat;height:110px;padding-left:322px&quot;/&gt;&lt;/style&gt;&lt;/block&gt;&lt;/contents&gt;
								&lt;/pageHeader&gt;
								&lt;pageBody&gt;&lt;style&gt;&lt;defaultStyles&gt;&lt;defaultStyle refStyle=&quot;pb&quot;/&gt;&lt;/defaultStyles&gt;&lt;/style&gt;
									&lt;contents/&gt;
								&lt;/pageBody&gt;
								&lt;pageFooter&gt;
									&lt;contents&gt;
										&lt;block name=&quot;RTFooter&quot;&gt;
			&lt;contents&gt;&lt;table&gt;
											&lt;tableRows&gt;
												&lt;tableRow&gt;
													&lt;tableCells&gt;
														&lt;tableCell&gt;
															&lt;contents&gt;
																
															&lt;block name=&quot;RTPageNumber&quot;&gt;
			&lt;contents&gt;&lt;textItem&gt;&lt;dataSource&gt;&lt;reportExpression&gt;&apos;Page &apos; + number2string(PageNumber()) + &apos; of &apos; + number2string(PageCount())&lt;/reportExpression&gt;&lt;/dataSource&gt;&lt;/textItem&gt;&lt;/contents&gt;
		&lt;/block&gt;&lt;/contents&gt;
															&lt;style&gt;
																&lt;CSS value=&quot;vertical-align:middle;text-align:left;width:25%;font-weight:normal&quot;/&gt;
															&lt;/style&gt;
														&lt;/tableCell&gt;
														&lt;tableCell&gt;
															&lt;contents&gt;
																
															&lt;block name=&quot;RTDisclaimer&quot;&gt;
			&lt;contents&gt;&lt;textItem&gt;&lt;dataSource&gt;&lt;staticValue&gt;The information on this report is intended for internal use only.&lt;/staticValue&gt;&lt;/dataSource&gt;&lt;style&gt;&lt;CSS value=&quot;font-style:normal&quot;/&gt;&lt;/style&gt;&lt;/textItem&gt;&lt;/contents&gt;
		&lt;/block&gt;&lt;/contents&gt;
															&lt;style&gt;
																&lt;CSS value=&quot;vertical-align:middle;text-align:center;width:50%;font-weight:bold&quot;/&gt;
															&lt;/style&gt;
														&lt;/tableCell&gt;
														&lt;tableCell&gt;
															&lt;contents&gt;
																
															&lt;block name=&quot;RTDateTime&quot;&gt;
			&lt;contents&gt;&lt;table&gt;&lt;style&gt;&lt;defaultStyles&gt;&lt;defaultStyle refStyle=&quot;tb&quot;/&gt;&lt;/defaultStyles&gt;&lt;CSS value=&quot;border-collapse:collapse;width:100%&quot;/&gt;&lt;/style&gt;&lt;tableRows&gt;&lt;tableRow&gt;&lt;tableCells&gt;&lt;tableCell&gt;&lt;contents&gt;&lt;date&gt;
																	&lt;style&gt;
																		&lt;dataFormat&gt;
																			&lt;dateFormat/&gt;
																		&lt;/dataFormat&gt;
																	&lt;/style&gt;
																&lt;/date&gt;&lt;/contents&gt;&lt;style&gt;&lt;CSS value=&quot;text-align:right;font-weight:normal&quot;/&gt;&lt;/style&gt;&lt;/tableCell&gt;&lt;/tableCells&gt;&lt;/tableRow&gt;&lt;tableRow&gt;&lt;tableCells&gt;&lt;tableCell&gt;&lt;contents&gt;&lt;time&gt;
																	&lt;style&gt;
																		&lt;dataFormat&gt;
																			&lt;timeFormat/&gt;
																		&lt;/dataFormat&gt;
																	&lt;/style&gt;
																&lt;/time&gt;&lt;/contents&gt;&lt;style&gt;&lt;CSS value=&quot;text-align:right;font-weight:normal&quot;/&gt;&lt;/style&gt;&lt;/tableCell&gt;&lt;/tableCells&gt;&lt;/tableRow&gt;&lt;/tableRows&gt;&lt;/table&gt;&lt;/contents&gt;
		&lt;/block&gt;&lt;/contents&gt;
															&lt;style&gt;
																&lt;CSS value=&quot;vertical-align:top;text-align:right;width:25%;&quot;/&gt;
															&lt;/style&gt;
														&lt;/tableCell&gt;
													&lt;/tableCells&gt;
												&lt;/tableRow&gt;
											&lt;/tableRows&gt;
											&lt;style&gt;
												&lt;defaultStyles&gt;
													&lt;defaultStyle refStyle=&quot;tb&quot;/&gt;
												&lt;/defaultStyles&gt;
												&lt;CSS value=&quot;border-collapse:collapse;width:100%;&quot;/&gt;
											&lt;/style&gt;
										&lt;/table&gt;&lt;/contents&gt;
		&lt;style&gt;&lt;CSS value=&quot;background-color:transparent&quot;/&gt;&lt;/style&gt;&lt;/block&gt;
									&lt;/contents&gt;
									&lt;style&gt;
										&lt;defaultStyles&gt;
											&lt;defaultStyle refStyle=&quot;pf&quot;/&gt;
										&lt;/defaultStyles&gt;
										&lt;CSS value=&quot;padding-top:10px&quot;/&gt;
									&lt;/style&gt;
								&lt;/pageFooter&gt;
							&lt;/page&gt;
						&lt;/reportPages&gt;
					&lt;/layout&gt;
				&lt;/layouts&gt;
			&lt;XMLAttributes&gt;&lt;XMLAttribute name=&quot;RS_CreateExtendedDataItems&quot; value=&quot;true&quot; output=&quot;no&quot;/&gt;&lt;/XMLAttributes&gt;&lt;/report&gt;</value>
			</specification>
		</props>
	</object>
	<object>
		<class>reportTemplate</class>
		<name>Ironside Standard Report Template</name>
		<parentId>1</parentId>
		<storeID>i902A133DF73F4AF1A1DF2BD6EA92B9DD</storeID>
		<props>
			<creationTime>
				<value>2010-07-02T18:39:30.703Z</value>
			</creationTime>
			<modificationTime>
				<value>2010-07-02T18:50:43.577Z</value>
			</modificationTime>
			<name>
				<value><item><locale xsi:type="xsd:string">en-us</locale><value xsi:type="xsd:string">Ironside Standard Report Template</value></item>
</value>
			</name>
			<owner>
				<value><item><searchPath xsi:type="cm:stringProp">
	<value xsi:type="xsd:string" xml:space="preserve">CAMID(&quot;::Anonymous&quot;)</value>
</searchPath>
<storeID xsi:type="cm:guidProp">
	<value xsi:type="cm:guid" xml:space="preserve">xOjpBbm9ueW1vdXM_</value>
</storeID></item>
</value>
			</owner>
			<displaySequence>
				<value>0</value>
			</displaySequence>
			<hidden>
				<value>false</value>
			</hidden>
			<viewed>
				<value>false</value>
			</viewed>
			<allowNotification>
				<value>true</value>
			</allowNotification>
			<allowSubscription>
				<value>false</value>
			</allowSubscription>
			<defaultPortalAction>
				<value>viewOutput</value>
			</defaultPortalAction>
			<executionPrompt>
				<value>true</value>
			</executionPrompt>
			<retentions>
				<value><item><objectClass xsi:type="cm:classEnum">history</objectClass><prop xsi:type="cm:propEnum">creationTime</prop><maxObjects xsi:type="xsd:integer">5</maxObjects></item>
<item><objectClass xsi:type="cm:classEnum">reportVersion</objectClass><prop xsi:type="cm:propEnum">creationTime</prop><maxObjects xsi:type="xsd:integer">1</maxObjects></item>
</value>
			</retentions>
			<canBurst>
				<value>false</value>
			</canBurst>
			<paths>
				<value><item>
<name xsi:type="SOAP-ENC:Array" SOAP-ENC:arrayType="cm:multilingualToken[]">
	<item xsi:type="cm:multilingualToken"><locale xsi:type="xsd:string">en</locale><value xsi:type="xsd:string">/content/folder[@name=&apos;Other&apos;]/folder[@name=&apos;Templates&apos;]/reportTemplate[@name=&apos;Ironside Template Layout Components&apos;]</value>
	</item>
</name>
<target xsi:type="SOAP-ENC:Array" SOAP-ENC:arrayType="cm:baseClass[]">
	<item xsi:type="cm:reportTemplate">
		<searchPath xsi:type="cm:stringProp">
			<value xsi:type="xsd:string" xml:space="preserve">/content/folder[@name=&apos;Other&apos;]/folder[@name=&apos;Templates&apos;]/reportTemplate[@name=&apos;Ironside Template Layout Components&apos;]</value>
		</searchPath>
		<storeID xsi:type="cm:guidProp">
			<value xsi:type="cm:guid" xml:space="preserve">i7F402F9F124E48F18DB751FB16FACB01</value>
		</storeID>
	</item>
</target></item>
</value>
			</paths>
			<specification>
				<value>&lt;report xmlns=&quot;http://developer.cognos.com/schemas/report/6.0/&quot; expressionLocale=&quot;en-us&quot; template=&quot;true&quot;&gt;
				&lt;drillBehavior modelBasedDrillThru=&quot;true&quot;/&gt;
				&lt;layouts&gt;
					&lt;layout&gt;
						&lt;reportPages&gt;
							&lt;page name=&quot;Page1&quot;&gt;
								&lt;style&gt;
									&lt;defaultStyles&gt;
										&lt;defaultStyle refStyle=&quot;pg&quot;/&gt;
									&lt;/defaultStyles&gt;
									&lt;CSS value=&quot;border-collapse: collapse;&quot;/&gt;
								&lt;/style&gt;
								&lt;pageHeader&gt;
									&lt;style&gt;
										&lt;defaultStyles&gt;
											&lt;defaultStyle refStyle=&quot;ph&quot;/&gt;
										&lt;/defaultStyles&gt;
										
									&lt;/style&gt;
									&lt;contents&gt;
										
										
										
									&lt;layoutComponentRef refLayoutElement=&quot;RTHeader&quot;&gt;&lt;reportPath path=&quot;/content/folder[@name=&apos;Other&apos;]/folder[@name=&apos;Templates&apos;]/reportTemplate[@name=&apos;Ironside Template Layout Components&apos;]&quot;&gt;&lt;XMLAttributes&gt;&lt;XMLAttribute name=&quot;ReportName&quot; value=&quot;Ironside Template Layout Components&quot; output=&quot;no&quot;/&gt;&lt;/XMLAttributes&gt;&lt;/reportPath&gt;&lt;layoutComponentOverrides&gt;&lt;layoutComponentOverride refLayoutElement=&quot;RTSubtitle&quot;&gt;&lt;textItem&gt;&lt;dataSource&gt;&lt;staticValue&gt;Prompt Parameter Value 1&lt;/staticValue&gt;&lt;/dataSource&gt;&lt;/textItem&gt;&lt;/layoutComponentOverride&gt;&lt;layoutComponentOverride refLayoutElement=&quot;RTSubtitle1&quot;&gt;&lt;textItem&gt;&lt;dataSource&gt;&lt;staticValue&gt;Prompt Parameter Value 2&lt;/staticValue&gt;&lt;/dataSource&gt;&lt;/textItem&gt;&lt;/layoutComponentOverride&gt;&lt;/layoutComponentOverrides&gt;&lt;/layoutComponentRef&gt;&lt;/contents&gt;
								&lt;/pageHeader&gt;
								&lt;pageBody&gt;&lt;style&gt;&lt;defaultStyles&gt;&lt;defaultStyle refStyle=&quot;pb&quot;/&gt;&lt;/defaultStyles&gt;&lt;/style&gt;
									&lt;contents/&gt;
								&lt;/pageBody&gt;
								&lt;pageFooter&gt;
									&lt;contents&gt;
										
									&lt;layoutComponentRef refLayoutElement=&quot;RTFooter&quot;&gt;&lt;reportPath path=&quot;/content/folder[@name=&apos;Other&apos;]/folder[@name=&apos;Templates&apos;]/reportTemplate[@name=&apos;Ironside Template Layout Components&apos;]&quot;&gt;&lt;XMLAttributes&gt;&lt;XMLAttribute name=&quot;ReportName&quot; value=&quot;Ironside Template Layout Components&quot; output=&quot;no&quot;/&gt;&lt;/XMLAttributes&gt;&lt;/reportPath&gt;&lt;/layoutComponentRef&gt;&lt;/contents&gt;
									&lt;style&gt;
										&lt;defaultStyles&gt;
											&lt;defaultStyle refStyle=&quot;pf&quot;/&gt;
										&lt;/defaultStyles&gt;
										
									&lt;/style&gt;
								&lt;/pageFooter&gt;
							&lt;/page&gt;
						&lt;/reportPages&gt;
					&lt;promptPages&gt;&lt;page name=&quot;Prompt Page1&quot;&gt;
			&lt;pageHeader&gt;
				&lt;contents&gt;
					
				&lt;layoutComponentRef refLayoutElement=&quot;RTHeader&quot;&gt;&lt;reportPath path=&quot;/content/folder[@name=&apos;Other&apos;]/folder[@name=&apos;Templates&apos;]/reportTemplate[@name=&apos;Ironside Template Layout Components&apos;]&quot;&gt;&lt;XMLAttributes&gt;&lt;XMLAttribute name=&quot;ReportName&quot; value=&quot;Ironside Template Layout Components&quot; output=&quot;no&quot;/&gt;&lt;/XMLAttributes&gt;&lt;/reportPath&gt;&lt;layoutComponentOverrides&gt;&lt;layoutComponentOverride refLayoutElement=&quot;RTSubtitle&quot;&gt;&lt;textItem&gt;&lt;dataSource&gt;&lt;staticValue&gt;Please Enter Report Criteria&lt;/staticValue&gt;&lt;/dataSource&gt;&lt;style&gt;&lt;CSS value=&quot;font-size:12pt;font-weight:bold&quot;/&gt;&lt;/style&gt;&lt;/textItem&gt;&lt;/layoutComponentOverride&gt;&lt;layoutComponentOverride refLayoutElement=&quot;RTSubtitle1&quot;/&gt;&lt;/layoutComponentOverrides&gt;&lt;/layoutComponentRef&gt;&lt;/contents&gt;
				&lt;style&gt;
					&lt;defaultStyles&gt;
						&lt;defaultStyle refStyle=&quot;hp&quot;/&gt;
					&lt;/defaultStyles&gt;
				&lt;/style&gt;
			&lt;/pageHeader&gt;
			&lt;pageBody&gt;
				&lt;contents&gt;&lt;table&gt;&lt;style&gt;&lt;defaultStyles&gt;&lt;defaultStyle refStyle=&quot;tb&quot;/&gt;&lt;/defaultStyles&gt;&lt;CSS value=&quot;border-collapse:collapse;width:100%&quot;/&gt;&lt;/style&gt;&lt;tableRows&gt;&lt;tableRow&gt;&lt;tableCells&gt;&lt;tableCell&gt;&lt;contents&gt;&lt;fieldSet&gt;
			&lt;fieldSetCaption&gt;
				&lt;contents&gt;
					&lt;textItem&gt;
						&lt;dataSource&gt;
							&lt;staticValue&gt;Prompt 1&lt;/staticValue&gt;
						&lt;/dataSource&gt;
					&lt;/textItem&gt;
				&lt;/contents&gt;
			&lt;/fieldSetCaption&gt;
			&lt;contents/&gt;
			&lt;style&gt;
				&lt;defaultStyles&gt;
					&lt;defaultStyle refStyle=&quot;fs&quot;/&gt;
				&lt;/defaultStyles&gt;
			&lt;/style&gt;
		&lt;/fieldSet&gt;&lt;/contents&gt;&lt;style&gt;&lt;CSS value=&quot;text-align:center&quot;/&gt;&lt;/style&gt;&lt;/tableCell&gt;&lt;tableCell&gt;&lt;contents&gt;&lt;fieldSet&gt;
			&lt;fieldSetCaption&gt;
				&lt;contents&gt;
					&lt;textItem&gt;
						&lt;dataSource&gt;
							&lt;staticValue&gt;Prompt 2&lt;/staticValue&gt;
						&lt;/dataSource&gt;
					&lt;/textItem&gt;
				&lt;/contents&gt;
			&lt;/fieldSetCaption&gt;
			&lt;contents/&gt;
			&lt;style&gt;
				&lt;defaultStyles&gt;
					&lt;defaultStyle refStyle=&quot;fs&quot;/&gt;
				&lt;/defaultStyles&gt;
			&lt;/style&gt;
		&lt;/fieldSet&gt;&lt;/contents&gt;&lt;style&gt;&lt;CSS value=&quot;text-align:center&quot;/&gt;&lt;/style&gt;&lt;/tableCell&gt;&lt;/tableCells&gt;&lt;/tableRow&gt;&lt;/tableRows&gt;&lt;/table&gt;&lt;/contents&gt;
				&lt;style&gt;
					&lt;defaultStyles&gt;
						&lt;defaultStyle refStyle=&quot;py&quot;/&gt;
					&lt;/defaultStyles&gt;
				&lt;/style&gt;
			&lt;/pageBody&gt;
			&lt;pageFooter&gt;
				&lt;contents&gt;
					&lt;promptButton type=&quot;cancel&quot;&gt;
						&lt;contents/&gt;
						&lt;style&gt;
							&lt;defaultStyles&gt;
								&lt;defaultStyle refStyle=&quot;bp&quot;/&gt;
							&lt;/defaultStyles&gt;
						&lt;/style&gt;
					&lt;/promptButton&gt;
					&lt;promptButton type=&quot;back&quot;&gt;
						&lt;contents/&gt;
						&lt;style&gt;
							&lt;defaultStyles&gt;
								&lt;defaultStyle refStyle=&quot;bp&quot;/&gt;
							&lt;/defaultStyles&gt;
						&lt;/style&gt;
					&lt;/promptButton&gt;
					&lt;promptButton type=&quot;next&quot;&gt;
						&lt;contents/&gt;
						&lt;style&gt;
							&lt;defaultStyles&gt;
								&lt;defaultStyle refStyle=&quot;bp&quot;/&gt;
							&lt;/defaultStyles&gt;
						&lt;/style&gt;
					&lt;/promptButton&gt;
					&lt;promptButton type=&quot;finish&quot;&gt;
						&lt;contents/&gt;
						&lt;style&gt;
							&lt;defaultStyles&gt;
								&lt;defaultStyle refStyle=&quot;bp&quot;/&gt;
							&lt;/defaultStyles&gt;
						&lt;/style&gt;
					&lt;/promptButton&gt;
				&lt;/contents&gt;
				&lt;style&gt;
					&lt;defaultStyles&gt;
						&lt;defaultStyle refStyle=&quot;fp&quot;/&gt;
					&lt;/defaultStyles&gt;
				&lt;/style&gt;
			&lt;/pageFooter&gt;
			&lt;style&gt;
				&lt;defaultStyles&gt;
					&lt;defaultStyle refStyle=&quot;pp&quot;/&gt;
				&lt;/defaultStyles&gt;
			&lt;/style&gt;
		&lt;/page&gt;&lt;/promptPages&gt;&lt;/layout&gt;
				&lt;/layouts&gt;
			&lt;classStyles&gt;&lt;classStyle name=&quot;pg&quot;&gt;&lt;CSS value=&quot;padding-top:10px;padding-bottom:10px&quot;/&gt;&lt;/classStyle&gt;&lt;classStyle name=&quot;pp&quot;&gt;&lt;CSS value=&quot;font-family:Helvetica&quot;/&gt;&lt;/classStyle&gt;&lt;classStyle name=&quot;pb&quot;&gt;&lt;CSS value=&quot;font-family:Helvetica;border-bottom:1pt solid gray&quot;/&gt;&lt;/classStyle&gt;&lt;classStyle name=&quot;ph&quot;&gt;&lt;CSS value=&quot;padding:0px&quot;/&gt;&lt;/classStyle&gt;&lt;classStyle name=&quot;pf&quot;&gt;&lt;CSS value=&quot;padding:0px;background-color:#EEEEEE&quot;/&gt;&lt;/classStyle&gt;&lt;classStyle name=&quot;lt&quot;&gt;&lt;CSS value=&quot;background-color:#AAAAAA;border:1pt solid black&quot;/&gt;&lt;/classStyle&gt;&lt;classStyle name=&quot;xm&quot;&gt;&lt;CSS value=&quot;border:1pt solid black&quot;/&gt;&lt;/classStyle&gt;&lt;classStyle name=&quot;ml&quot;&gt;&lt;CSS value=&quot;background-color:#AAAAAA;border:1pt solid black&quot;/&gt;&lt;/classStyle&gt;&lt;classStyle name=&quot;cl&quot;&gt;&lt;CSS value=&quot;background-color:#AAAAAA;border:1pt solid black&quot;/&gt;&lt;/classStyle&gt;&lt;classStyle name=&quot;sl&quot;&gt;&lt;CSS value=&quot;background-color:#AAAAAA;border:1pt solid black&quot;/&gt;&lt;/classStyle&gt;&lt;classStyle name=&quot;hl&quot;&gt;&lt;CSS value=&quot;background-color:#AAAAAA;border:1pt solid black&quot;/&gt;&lt;/classStyle&gt;&lt;classStyle name=&quot;nl&quot;&gt;&lt;CSS value=&quot;border:1pt solid black&quot;/&gt;&lt;/classStyle&gt;&lt;classStyle name=&quot;xl&quot;&gt;&lt;CSS value=&quot;background-color:#AAAAAA;border:1pt solid black&quot;/&gt;&lt;/classStyle&gt;&lt;classStyle name=&quot;il&quot;&gt;&lt;CSS value=&quot;border:1pt solid black&quot;/&gt;&lt;/classStyle&gt;&lt;classStyle name=&quot;iv&quot;&gt;&lt;CSS value=&quot;border:1pt solid black&quot;/&gt;&lt;/classStyle&gt;&lt;classStyle name=&quot;ol&quot;&gt;&lt;CSS value=&quot;border:1pt solid black&quot;/&gt;&lt;/classStyle&gt;&lt;classStyle name=&quot;ov&quot;&gt;&lt;CSS value=&quot;border:1pt solid black&quot;/&gt;&lt;/classStyle&gt;&lt;classStyle name=&quot;xs&quot;&gt;&lt;CSS value=&quot;background-color:#AAAAAA;border:1pt solid black&quot;/&gt;&lt;/classStyle&gt;&lt;classStyle name=&quot;py&quot;&gt;&lt;CSS value=&quot;padding-top:10px&quot;/&gt;&lt;/classStyle&gt;&lt;classStyle name=&quot;hp&quot;&gt;&lt;CSS value=&quot;padding:0px&quot;/&gt;&lt;/classStyle&gt;&lt;classStyle name=&quot;hy&quot;&gt;&lt;CSS value=&quot;color:gray;font-weight:bold&quot;/&gt;&lt;/classStyle&gt;&lt;/classStyles&gt;&lt;XMLAttributes&gt;&lt;XMLAttribute name=&quot;RS_CreateExtendedDataItems&quot; value=&quot;true&quot; output=&quot;no&quot;/&gt;&lt;/XMLAttributes&gt;&lt;/report&gt;</value>
			</specification>
		</props>
	</object>
	<object>
		<class>report</class>
		<name>Ironside Test Report</name>
		<parentId>1</parentId>
		<storeID>iF7D75186977A435482997C3D1C90C256</storeID>
		<props>
			<creationTime>
				<value>2010-07-02T18:52:56.827Z</value>
			</creationTime>
			<modificationTime>
				<value>2010-07-02T18:52:56.827Z</value>
			</modificationTime>
			<name>
				<value><item><locale xsi:type="xsd:string">en-us</locale><value xsi:type="xsd:string">Ironside Test Report</value></item>
</value>
			</name>
			<owner>
				<value><item><searchPath xsi:type="cm:stringProp">
	<value xsi:type="xsd:string" xml:space="preserve">CAMID(&quot;::Anonymous&quot;)</value>
</searchPath>
<storeID xsi:type="cm:guidProp">
	<value xsi:type="cm:guid" xml:space="preserve">xOjpBbm9ueW1vdXM_</value>
</storeID></item>
</value>
			</owner>
			<displaySequence>
				<value>0</value>
			</displaySequence>
			<hidden>
				<value>false</value>
			</hidden>
			<viewed>
				<value>false</value>
			</viewed>
			<allowNotification>
				<value>true</value>
			</allowNotification>
			<allowSubscription>
				<value>false</value>
			</allowSubscription>
			<defaultPortalAction>
				<value>viewOutput</value>
			</defaultPortalAction>
			<executionPrompt>
				<value>true</value>
			</executionPrompt>
			<retentions>
				<value><item><objectClass xsi:type="cm:classEnum">history</objectClass><prop xsi:type="cm:propEnum">creationTime</prop><maxObjects xsi:type="xsd:integer">5</maxObjects></item>
<item><objectClass xsi:type="cm:classEnum">reportVersion</objectClass><prop xsi:type="cm:propEnum">creationTime</prop><maxObjects xsi:type="xsd:integer">1</maxObjects></item>
</value>
			</retentions>
			<canBurst>
				<value>false</value>
			</canBurst>
			<metadataModel>
				<value><item><searchPath xsi:type="cm:stringProp">
	<value xsi:type="xsd:string" xml:space="preserve">/content/folder[@name=&apos;Samples&apos;]/folder[@name=&apos;Models&apos;]/package[@name=&apos;GO Sales (query)&apos;]/model[@name=&apos;model&apos;]</value>
</searchPath>
<storeID xsi:type="cm:guidProp">
	<value xsi:type="cm:guid" xml:space="preserve">iB2CD6502080944B9A01F74036612FCCC</value>
</storeID></item>
</value>
			</metadataModel>
			<metadataModelPackage>
				<value><item><searchPath xsi:type="cm:stringProp">
	<value xsi:type="xsd:string" xml:space="preserve">/content/folder[@name=&apos;Samples&apos;]/folder[@name=&apos;Models&apos;]/package[@name=&apos;GO Sales (query)&apos;]</value>
</searchPath>
<storeID xsi:type="cm:guidProp">
	<value xsi:type="cm:guid" xml:space="preserve">i984A927052CB4204AE77C2793D1348B8</value>
</storeID></item>
</value>
			</metadataModelPackage>
			<paths>
				<value><item>
<name xsi:type="SOAP-ENC:Array" SOAP-ENC:arrayType="cm:multilingualToken[]">
	<item xsi:type="cm:multilingualToken"><locale xsi:type="xsd:string">en</locale><value xsi:type="xsd:string">/content/folder[@name=&apos;Other&apos;]/folder[@name=&apos;Templates&apos;]/reportTemplate[@name=&apos;Ironside Template Layout Components&apos;]</value>
	</item>
</name>
<target xsi:type="SOAP-ENC:Array" SOAP-ENC:arrayType="cm:baseClass[]">
	<item xsi:type="cm:reportTemplate">
		<searchPath xsi:type="cm:stringProp">
			<value xsi:type="xsd:string" xml:space="preserve">/content/folder[@name=&apos;Other&apos;]/folder[@name=&apos;Templates&apos;]/reportTemplate[@name=&apos;Ironside Template Layout Components&apos;]</value>
		</searchPath>
		<storeID xsi:type="cm:guidProp">
			<value xsi:type="cm:guid" xml:space="preserve">i7F402F9F124E48F18DB751FB16FACB01</value>
		</storeID>
	</item>
</target></item>
</value>
			</paths>
			<specification>
				<value>&lt;report xmlns=&quot;http://developer.cognos.com/schemas/report/6.0/&quot; expressionLocale=&quot;en-us&quot;&gt;
				&lt;drillBehavior modelBasedDrillThru=&quot;true&quot;/&gt;
				&lt;layouts&gt;
					&lt;layout&gt;
						&lt;reportPages&gt;
							&lt;page name=&quot;Page1&quot;&gt;
								&lt;style&gt;
									&lt;defaultStyles&gt;
										&lt;defaultStyle refStyle=&quot;pg&quot;/&gt;
									&lt;/defaultStyles&gt;
									&lt;CSS value=&quot;border-collapse: collapse;&quot;/&gt;
								&lt;/style&gt;
								&lt;pageHeader&gt;
									&lt;style&gt;
										&lt;defaultStyles&gt;
											&lt;defaultStyle refStyle=&quot;ph&quot;/&gt;
										&lt;/defaultStyles&gt;
										
									&lt;/style&gt;
									&lt;contents&gt;
										
										
										
									&lt;layoutComponentRef refLayoutElement=&quot;RTHeader&quot;&gt;&lt;reportPath path=&quot;/content/folder[@name=&apos;Other&apos;]/folder[@name=&apos;Templates&apos;]/reportTemplate[@name=&apos;Ironside Template Layout Components&apos;]&quot;&gt;&lt;XMLAttributes&gt;&lt;XMLAttribute name=&quot;ReportName&quot; value=&quot;Ironside Template Layout Components&quot; output=&quot;no&quot;/&gt;&lt;/XMLAttributes&gt;&lt;/reportPath&gt;&lt;layoutComponentOverrides&gt;&lt;layoutComponentOverride refLayoutElement=&quot;RTSubtitle&quot;/&gt;&lt;layoutComponentOverride refLayoutElement=&quot;RTSubtitle1&quot;/&gt;&lt;/layoutComponentOverrides&gt;&lt;/layoutComponentRef&gt;&lt;/contents&gt;
								&lt;/pageHeader&gt;
								&lt;pageBody&gt;&lt;style&gt;&lt;defaultStyles&gt;&lt;defaultStyle refStyle=&quot;pb&quot;/&gt;&lt;/defaultStyles&gt;&lt;CSS value=&quot;text-align:center;padding-top:10px&quot;/&gt;&lt;/style&gt;
									&lt;contents&gt;&lt;list horizontalPagination=&quot;true&quot; name=&quot;List1&quot; refQuery=&quot;Query1&quot;&gt;
			
			
			
			&lt;style&gt;
				&lt;CSS value=&quot;border-collapse:collapse&quot;/&gt;
				&lt;defaultStyles&gt;
					&lt;defaultStyle refStyle=&quot;ls&quot;/&gt;
				&lt;/defaultStyles&gt;
			&lt;/style&gt;
		&lt;listColumns&gt;&lt;listColumn&gt;&lt;listColumnTitle&gt;&lt;style&gt;&lt;defaultStyles&gt;&lt;defaultStyle refStyle=&quot;lt&quot;/&gt;&lt;/defaultStyles&gt;&lt;/style&gt;&lt;contents&gt;&lt;textItem&gt;&lt;dataSource&gt;&lt;dataItemLabel refDataItem=&quot;Product line&quot;/&gt;&lt;/dataSource&gt;&lt;/textItem&gt;&lt;/contents&gt;&lt;/listColumnTitle&gt;&lt;listColumnBody&gt;&lt;style&gt;&lt;defaultStyles&gt;&lt;defaultStyle refStyle=&quot;lc&quot;/&gt;&lt;/defaultStyles&gt;&lt;/style&gt;&lt;contents&gt;&lt;textItem&gt;&lt;dataSource&gt;&lt;dataItemValue refDataItem=&quot;Product line&quot;/&gt;&lt;/dataSource&gt;&lt;/textItem&gt;&lt;/contents&gt;&lt;listColumnRowSpan refDataItem=&quot;Product line&quot;/&gt;&lt;/listColumnBody&gt;&lt;/listColumn&gt;&lt;listColumn&gt;&lt;listColumnTitle&gt;&lt;style&gt;&lt;defaultStyles&gt;&lt;defaultStyle refStyle=&quot;lt&quot;/&gt;&lt;/defaultStyles&gt;&lt;/style&gt;&lt;contents&gt;&lt;textItem&gt;&lt;dataSource&gt;&lt;dataItemLabel refDataItem=&quot;Product type&quot;/&gt;&lt;/dataSource&gt;&lt;/textItem&gt;&lt;/contents&gt;&lt;/listColumnTitle&gt;&lt;listColumnBody&gt;&lt;style&gt;&lt;defaultStyles&gt;&lt;defaultStyle refStyle=&quot;lc&quot;/&gt;&lt;/defaultStyles&gt;&lt;/style&gt;&lt;contents&gt;&lt;textItem&gt;&lt;dataSource&gt;&lt;dataItemValue refDataItem=&quot;Product type&quot;/&gt;&lt;/dataSource&gt;&lt;/textItem&gt;&lt;/contents&gt;&lt;listColumnRowSpan refDataItem=&quot;Product type&quot;/&gt;&lt;/listColumnBody&gt;&lt;/listColumn&gt;&lt;listColumn&gt;&lt;listColumnTitle&gt;&lt;style&gt;&lt;defaultStyles&gt;&lt;defaultStyle refStyle=&quot;lt&quot;/&gt;&lt;/defaultStyles&gt;&lt;/style&gt;&lt;contents&gt;&lt;textItem&gt;&lt;dataSource&gt;&lt;dataItemLabel refDataItem=&quot;Revenue&quot;/&gt;&lt;/dataSource&gt;&lt;/textItem&gt;&lt;/contents&gt;&lt;/listColumnTitle&gt;&lt;listColumnBody&gt;&lt;style&gt;&lt;defaultStyles&gt;&lt;defaultStyle refStyle=&quot;lm&quot;/&gt;&lt;/defaultStyles&gt;&lt;/style&gt;&lt;contents&gt;&lt;textItem&gt;&lt;dataSource&gt;&lt;dataItemValue refDataItem=&quot;Revenue&quot;/&gt;&lt;/dataSource&gt;&lt;/textItem&gt;&lt;/contents&gt;&lt;/listColumnBody&gt;&lt;/listColumn&gt;&lt;listColumn&gt;&lt;listColumnTitle&gt;&lt;style&gt;&lt;defaultStyles&gt;&lt;defaultStyle refStyle=&quot;lt&quot;/&gt;&lt;/defaultStyles&gt;&lt;/style&gt;&lt;contents&gt;&lt;textItem&gt;&lt;dataSource&gt;&lt;dataItemLabel refDataItem=&quot;Quantity&quot;/&gt;&lt;/dataSource&gt;&lt;/textItem&gt;&lt;/contents&gt;&lt;/listColumnTitle&gt;&lt;listColumnBody&gt;&lt;style&gt;&lt;defaultStyles&gt;&lt;defaultStyle refStyle=&quot;lm&quot;/&gt;&lt;/defaultStyles&gt;&lt;/style&gt;&lt;contents&gt;&lt;textItem&gt;&lt;dataSource&gt;&lt;dataItemValue refDataItem=&quot;Quantity&quot;/&gt;&lt;/dataSource&gt;&lt;/textItem&gt;&lt;/contents&gt;&lt;/listColumnBody&gt;&lt;/listColumn&gt;&lt;/listColumns&gt;&lt;listGroups&gt;&lt;listGroup refDataItem=&quot;Product line&quot;&gt;&lt;listFooter&gt;&lt;listRows&gt;&lt;listRow&gt;&lt;rowCells&gt;&lt;rowCell colSpan=&quot;2&quot;&gt;&lt;contents&gt;&lt;textItem&gt;&lt;dataSource&gt;&lt;dataItemValue refDataItem=&quot;Product line&quot;/&gt;&lt;/dataSource&gt;&lt;/textItem&gt;&lt;/contents&gt;&lt;style&gt;&lt;defaultStyles&gt;&lt;defaultStyle refStyle=&quot;of&quot;/&gt;&lt;/defaultStyles&gt;&lt;/style&gt;&lt;/rowCell&gt;&lt;rowCell&gt;&lt;contents&gt;&lt;textItem&gt;&lt;dataSource&gt;&lt;dataItemValue refDataItem=&quot;Revenue&quot;/&gt;&lt;/dataSource&gt;&lt;/textItem&gt;&lt;/contents&gt;&lt;style&gt;&lt;defaultStyles&gt;&lt;defaultStyle refStyle=&quot;os&quot;/&gt;&lt;/defaultStyles&gt;&lt;/style&gt;&lt;/rowCell&gt;&lt;rowCell&gt;&lt;contents&gt;&lt;textItem&gt;&lt;dataSource&gt;&lt;dataItemValue refDataItem=&quot;Quantity&quot;/&gt;&lt;/dataSource&gt;&lt;/textItem&gt;&lt;/contents&gt;&lt;style&gt;&lt;defaultStyles&gt;&lt;defaultStyle refStyle=&quot;os&quot;/&gt;&lt;/defaultStyles&gt;&lt;/style&gt;&lt;/rowCell&gt;&lt;/rowCells&gt;&lt;/listRow&gt;&lt;/listRows&gt;&lt;/listFooter&gt;&lt;/listGroup&gt;&lt;listGroup refDataItem=&quot;Product type&quot;/&gt;&lt;/listGroups&gt;&lt;listOverallGroup&gt;&lt;listFooter&gt;&lt;listRows&gt;&lt;listRow&gt;&lt;rowCells&gt;&lt;rowCell colSpan=&quot;2&quot;&gt;&lt;contents&gt;&lt;textItem&gt;&lt;dataSource&gt;&lt;staticValue&gt;Summary&lt;/staticValue&gt;&lt;/dataSource&gt;&lt;/textItem&gt;&lt;/contents&gt;&lt;style&gt;&lt;defaultStyles&gt;&lt;defaultStyle refStyle=&quot;of&quot;/&gt;&lt;/defaultStyles&gt;&lt;/style&gt;&lt;/rowCell&gt;&lt;rowCell&gt;&lt;contents&gt;&lt;textItem&gt;&lt;dataSource&gt;&lt;dataItemValue refDataItem=&quot;Revenue&quot;/&gt;&lt;/dataSource&gt;&lt;/textItem&gt;&lt;/contents&gt;&lt;style&gt;&lt;defaultStyles&gt;&lt;defaultStyle refStyle=&quot;os&quot;/&gt;&lt;/defaultStyles&gt;&lt;/style&gt;&lt;/rowCell&gt;&lt;rowCell&gt;&lt;contents&gt;&lt;textItem&gt;&lt;dataSource&gt;&lt;dataItemValue refDataItem=&quot;Quantity&quot;/&gt;&lt;/dataSource&gt;&lt;/textItem&gt;&lt;/contents&gt;&lt;style&gt;&lt;defaultStyles&gt;&lt;defaultStyle refStyle=&quot;os&quot;/&gt;&lt;/defaultStyles&gt;&lt;/style&gt;&lt;/rowCell&gt;&lt;/rowCells&gt;&lt;/listRow&gt;&lt;/listRows&gt;&lt;/listFooter&gt;&lt;/listOverallGroup&gt;&lt;/list&gt;&lt;/contents&gt;
								&lt;/pageBody&gt;
								&lt;pageFooter&gt;
									&lt;contents&gt;
										
									&lt;layoutComponentRef refLayoutElement=&quot;RTFooter&quot;&gt;&lt;reportPath path=&quot;/content/folder[@name=&apos;Other&apos;]/folder[@name=&apos;Templates&apos;]/reportTemplate[@name=&apos;Ironside Template Layout Components&apos;]&quot;&gt;&lt;XMLAttributes&gt;&lt;XMLAttribute name=&quot;ReportName&quot; value=&quot;Ironside Template Layout Components&quot; output=&quot;no&quot;/&gt;&lt;/XMLAttributes&gt;&lt;/reportPath&gt;&lt;/layoutComponentRef&gt;&lt;/contents&gt;
									&lt;style&gt;
										&lt;defaultStyles&gt;
											&lt;defaultStyle refStyle=&quot;pf&quot;/&gt;
										&lt;/defaultStyles&gt;
										
									&lt;/style&gt;
								&lt;/pageFooter&gt;
							&lt;/page&gt;
						&lt;/reportPages&gt;
					&lt;promptPages&gt;&lt;page name=&quot;Prompt Page1&quot;&gt;
			&lt;pageHeader&gt;
				&lt;contents&gt;
					
				&lt;layoutComponentRef refLayoutElement=&quot;RTHeader&quot;&gt;&lt;reportPath path=&quot;/content/folder[@name=&apos;Other&apos;]/folder[@name=&apos;Templates&apos;]/reportTemplate[@name=&apos;Ironside Template Layout Components&apos;]&quot;&gt;&lt;XMLAttributes&gt;&lt;XMLAttribute name=&quot;ReportName&quot; value=&quot;Ironside Template Layout Components&quot; output=&quot;no&quot;/&gt;&lt;/XMLAttributes&gt;&lt;/reportPath&gt;&lt;layoutComponentOverrides&gt;&lt;layoutComponentOverride refLayoutElement=&quot;RTSubtitle&quot;&gt;&lt;textItem&gt;&lt;dataSource&gt;&lt;staticValue&gt;Please Enter Report Criteria&lt;/staticValue&gt;&lt;/dataSource&gt;&lt;style&gt;&lt;CSS value=&quot;font-size:12pt;font-weight:bold&quot;/&gt;&lt;/style&gt;&lt;/textItem&gt;&lt;/layoutComponentOverride&gt;&lt;layoutComponentOverride refLayoutElement=&quot;RTSubtitle1&quot;/&gt;&lt;/layoutComponentOverrides&gt;&lt;/layoutComponentRef&gt;&lt;/contents&gt;
				&lt;style&gt;
					&lt;defaultStyles&gt;
						&lt;defaultStyle refStyle=&quot;hp&quot;/&gt;
					&lt;/defaultStyles&gt;
				&lt;/style&gt;
			&lt;/pageHeader&gt;
			&lt;pageBody&gt;
				&lt;contents&gt;&lt;table&gt;&lt;style&gt;&lt;defaultStyles&gt;&lt;defaultStyle refStyle=&quot;tb&quot;/&gt;&lt;/defaultStyles&gt;&lt;CSS value=&quot;border-collapse:collapse;width:100%&quot;/&gt;&lt;/style&gt;&lt;tableRows&gt;&lt;tableRow&gt;&lt;tableCells&gt;&lt;tableCell&gt;&lt;contents&gt;&lt;fieldSet&gt;
			&lt;fieldSetCaption&gt;
				&lt;contents&gt;
					&lt;textItem&gt;
						&lt;dataSource&gt;
							&lt;staticValue&gt;Prompt 1&lt;/staticValue&gt;
						&lt;/dataSource&gt;
					&lt;/textItem&gt;
				&lt;/contents&gt;
			&lt;/fieldSetCaption&gt;
			&lt;contents/&gt;
			&lt;style&gt;
				&lt;defaultStyles&gt;
					&lt;defaultStyle refStyle=&quot;fs&quot;/&gt;
				&lt;/defaultStyles&gt;
			&lt;/style&gt;
		&lt;/fieldSet&gt;&lt;/contents&gt;&lt;style&gt;&lt;CSS value=&quot;text-align:center&quot;/&gt;&lt;/style&gt;&lt;/tableCell&gt;&lt;tableCell&gt;&lt;contents&gt;&lt;fieldSet&gt;
			&lt;fieldSetCaption&gt;
				&lt;contents&gt;
					&lt;textItem&gt;
						&lt;dataSource&gt;
							&lt;staticValue&gt;Prompt 2&lt;/staticValue&gt;
						&lt;/dataSource&gt;
					&lt;/textItem&gt;
				&lt;/contents&gt;
			&lt;/fieldSetCaption&gt;
			&lt;contents/&gt;
			&lt;style&gt;
				&lt;defaultStyles&gt;
					&lt;defaultStyle refStyle=&quot;fs&quot;/&gt;
				&lt;/defaultStyles&gt;
			&lt;/style&gt;
		&lt;/fieldSet&gt;&lt;/contents&gt;&lt;style&gt;&lt;CSS value=&quot;text-align:center&quot;/&gt;&lt;/style&gt;&lt;/tableCell&gt;&lt;/tableCells&gt;&lt;/tableRow&gt;&lt;/tableRows&gt;&lt;/table&gt;&lt;/contents&gt;
				&lt;style&gt;
					&lt;defaultStyles&gt;
						&lt;defaultStyle refStyle=&quot;py&quot;/&gt;
					&lt;/defaultStyles&gt;
				&lt;/style&gt;
			&lt;/pageBody&gt;
			&lt;pageFooter&gt;
				&lt;contents&gt;
					&lt;promptButton type=&quot;cancel&quot;&gt;
						&lt;contents/&gt;
						&lt;style&gt;
							&lt;defaultStyles&gt;
								&lt;defaultStyle refStyle=&quot;bp&quot;/&gt;
							&lt;/defaultStyles&gt;
						&lt;/style&gt;
					&lt;/promptButton&gt;
					&lt;promptButton type=&quot;back&quot;&gt;
						&lt;contents/&gt;
						&lt;style&gt;
							&lt;defaultStyles&gt;
								&lt;defaultStyle refStyle=&quot;bp&quot;/&gt;
							&lt;/defaultStyles&gt;
						&lt;/style&gt;
					&lt;/promptButton&gt;
					&lt;promptButton type=&quot;next&quot;&gt;
						&lt;contents/&gt;
						&lt;style&gt;
							&lt;defaultStyles&gt;
								&lt;defaultStyle refStyle=&quot;bp&quot;/&gt;
							&lt;/defaultStyles&gt;
						&lt;/style&gt;
					&lt;/promptButton&gt;
					&lt;promptButton type=&quot;finish&quot;&gt;
						&lt;contents/&gt;
						&lt;style&gt;
							&lt;defaultStyles&gt;
								&lt;defaultStyle refStyle=&quot;bp&quot;/&gt;
							&lt;/defaultStyles&gt;
						&lt;/style&gt;
					&lt;/promptButton&gt;
				&lt;/contents&gt;
				&lt;style&gt;
					&lt;defaultStyles&gt;
						&lt;defaultStyle refStyle=&quot;fp&quot;/&gt;
					&lt;/defaultStyles&gt;
				&lt;/style&gt;
			&lt;/pageFooter&gt;
			&lt;style&gt;
				&lt;defaultStyles&gt;
					&lt;defaultStyle refStyle=&quot;pp&quot;/&gt;
				&lt;/defaultStyles&gt;
			&lt;/style&gt;
		&lt;/page&gt;&lt;/promptPages&gt;&lt;/layout&gt;
				&lt;/layouts&gt;
			&lt;classStyles&gt;&lt;classStyle name=&quot;pg&quot;&gt;&lt;CSS value=&quot;padding-top:10px;padding-bottom:10px&quot;/&gt;&lt;/classStyle&gt;&lt;classStyle name=&quot;pp&quot;&gt;&lt;CSS value=&quot;font-family:Helvetica&quot;/&gt;&lt;/classStyle&gt;&lt;classStyle name=&quot;pb&quot;&gt;&lt;CSS value=&quot;font-family:Helvetica;border-bottom:1pt solid gray&quot;/&gt;&lt;/classStyle&gt;&lt;classStyle name=&quot;ph&quot;&gt;&lt;CSS value=&quot;padding:0px&quot;/&gt;&lt;/classStyle&gt;&lt;classStyle name=&quot;pf&quot;&gt;&lt;CSS value=&quot;padding:0px;background-color:#EEEEEE&quot;/&gt;&lt;/classStyle&gt;&lt;classStyle name=&quot;lt&quot;&gt;&lt;CSS value=&quot;background-color:#AAAAAA;border:1pt solid black&quot;/&gt;&lt;/classStyle&gt;&lt;classStyle name=&quot;xm&quot;&gt;&lt;CSS value=&quot;border:1pt solid black&quot;/&gt;&lt;/classStyle&gt;&lt;classStyle name=&quot;ml&quot;&gt;&lt;CSS value=&quot;background-color:#AAAAAA;border:1pt solid black&quot;/&gt;&lt;/classStyle&gt;&lt;classStyle name=&quot;cl&quot;&gt;&lt;CSS value=&quot;background-color:#AAAAAA;border:1pt solid black&quot;/&gt;&lt;/classStyle&gt;&lt;classStyle name=&quot;sl&quot;&gt;&lt;CSS value=&quot;background-color:#AAAAAA;border:1pt solid black&quot;/&gt;&lt;/classStyle&gt;&lt;classStyle name=&quot;hl&quot;&gt;&lt;CSS value=&quot;background-color:#AAAAAA;border:1pt solid black&quot;/&gt;&lt;/classStyle&gt;&lt;classStyle name=&quot;nl&quot;&gt;&lt;CSS value=&quot;border:1pt solid black&quot;/&gt;&lt;/classStyle&gt;&lt;classStyle name=&quot;xl&quot;&gt;&lt;CSS value=&quot;background-color:#AAAAAA;border:1pt solid black&quot;/&gt;&lt;/classStyle&gt;&lt;classStyle name=&quot;il&quot;&gt;&lt;CSS value=&quot;border:1pt solid black&quot;/&gt;&lt;/classStyle&gt;&lt;classStyle name=&quot;iv&quot;&gt;&lt;CSS value=&quot;border:1pt solid black&quot;/&gt;&lt;/classStyle&gt;&lt;classStyle name=&quot;ol&quot;&gt;&lt;CSS value=&quot;border:1pt solid black&quot;/&gt;&lt;/classStyle&gt;&lt;classStyle name=&quot;ov&quot;&gt;&lt;CSS value=&quot;border:1pt solid black&quot;/&gt;&lt;/classStyle&gt;&lt;classStyle name=&quot;xs&quot;&gt;&lt;CSS value=&quot;background-color:#AAAAAA;border:1pt solid black&quot;/&gt;&lt;/classStyle&gt;&lt;classStyle name=&quot;py&quot;&gt;&lt;CSS value=&quot;padding-top:10px&quot;/&gt;&lt;/classStyle&gt;&lt;classStyle name=&quot;hp&quot;&gt;&lt;CSS value=&quot;padding:0px&quot;/&gt;&lt;/classStyle&gt;&lt;classStyle name=&quot;hy&quot;&gt;&lt;CSS value=&quot;color:gray;font-weight:bold&quot;/&gt;&lt;/classStyle&gt;&lt;/classStyles&gt;&lt;XMLAttributes&gt;&lt;XMLAttribute name=&quot;RS_CreateExtendedDataItems&quot; value=&quot;true&quot; output=&quot;no&quot;/&gt;&lt;XMLAttribute name=&quot;listSeparator&quot; value=&quot;,&quot; output=&quot;no&quot;/&gt;&lt;/XMLAttributes&gt;&lt;modelPath&gt;/content/folder[@name=&apos;Samples&apos;]/folder[@name=&apos;Models&apos;]/package[@name=&apos;GO Sales (query)&apos;]/model[@name=&apos;model&apos;]&lt;/modelPath&gt;&lt;queries&gt;&lt;query name=&quot;Query1&quot;&gt;&lt;source&gt;&lt;model/&gt;&lt;/source&gt;&lt;selection&gt;&lt;dataItem name=&quot;Quantity&quot; aggregate=&quot;total&quot; rollupAggregate=&quot;automatic&quot;&gt;&lt;expression&gt;[Sales (query)].[Sales].[Quantity]&lt;/expression&gt;&lt;/dataItem&gt;&lt;dataItem name=&quot;Revenue&quot; aggregate=&quot;total&quot; rollupAggregate=&quot;automatic&quot;&gt;&lt;expression&gt;[Sales (query)].[Sales].[Revenue]&lt;/expression&gt;&lt;/dataItem&gt;&lt;dataItem name=&quot;Product line&quot; aggregate=&quot;none&quot; rollupAggregate=&quot;none&quot;&gt;&lt;expression&gt;[Sales (query)].[Product].[Product line]&lt;/expression&gt;&lt;/dataItem&gt;&lt;dataItem name=&quot;Product type&quot; aggregate=&quot;none&quot; rollupAggregate=&quot;none&quot;&gt;&lt;expression&gt;[Sales (query)].[Product].[Product type]&lt;/expression&gt;&lt;/dataItem&gt;&lt;/selection&gt;&lt;/query&gt;&lt;/queries&gt;&lt;/report&gt;</value>
			</specification>
		</props>
	</object>
  </objects>
</archive>
